"UPDATE KARDEX SET RC_ID =223, FLAT = 'change1' WHERE PROD_ID =12 AND RC_ID IS NULL;"
"UPDATE KARDEX SET RC_ID =223, FLAT = 'change1' WHERE PROD_ID =15 AND RC_ID IS NULL;"
"UPDATE KARDEX SET RC_ID =223, FLAT = 'change1' WHERE PROD_ID =16 AND RC_ID IS NULL;"
"UPDATE KARDEX SET RC_ID =223, FLAT = 'change1' WHERE PROD_ID =17 AND RC_ID IS NULL;"
"UPDATE KARDEX SET RC_ID =223, FLAT = 'change1' WHERE PROD_ID =27 AND RC_ID IS NULL;"
"UPDATE KARDEX SET RC_ID =222, FLAT = 'change1' WHERE PROD_ID =30 AND RC_ID IS NULL;"
"UPDATE KARDEX SET RC_ID =222, FLAT = 'change1' WHERE PROD_ID =32 AND RC_ID IS NULL;"
"UPDATE KARDEX SET RC_ID =222, FLAT = 'change1' WHERE PROD_ID =33 AND RC_ID IS NULL;"
"UPDATE KARDEX SET RC_ID =222, FLAT = 'change1' WHERE PROD_ID =34 AND RC_ID IS NULL;"
"UPDATE KARDEX SET RC_ID =222, FLAT = 'change1' WHERE PROD_ID =36 AND RC_ID IS NULL;"
"UPDATE KARDEX SET RC_ID =223, FLAT = 'change1' WHERE PROD_ID =37 AND RC_ID IS NULL;"
"UPDATE KARDEX SET RC_ID =223, FLAT = 'change1' WHERE PROD_ID =38 AND RC_ID IS NULL;"
"UPDATE KARDEX SET RC_ID =223, FLAT = 'change1' WHERE PROD_ID =45 AND RC_ID IS NULL;"
"UPDATE KARDEX SET RC_ID =223, FLAT = 'change1' WHERE PROD_ID =51 AND RC_ID IS NULL;"
"UPDATE KARDEX SET RC_ID =223, FLAT = 'change1' WHERE PROD_ID =56 AND RC_ID IS NULL;"
"UPDATE KARDEX SET RC_ID =223, FLAT = 'change1' WHERE PROD_ID =57 AND RC_ID IS NULL;"
"UPDATE KARDEX SET RC_ID =223, FLAT = 'change1' WHERE PROD_ID =97 AND RC_ID IS NULL;"
"UPDATE KARDEX SET RC_ID =223, FLAT = 'change1' WHERE PROD_ID =99 AND RC_ID IS NULL;"
"UPDATE KARDEX SET RC_ID =193, FLAT = 'change1' WHERE PROD_ID =101 AND RC_ID IS NULL;"
"UPDATE KARDEX SET RC_ID =190, FLAT = 'change1' WHERE PROD_ID =102 AND RC_ID IS NULL;"
"UPDATE KARDEX SET RC_ID =340, FLAT = 'change1' WHERE PROD_ID =103 AND RC_ID IS NULL;"
"UPDATE KARDEX SET RC_ID =115, FLAT = 'change1' WHERE PROD_ID =104 AND RC_ID IS NULL;"
"UPDATE KARDEX SET RC_ID =194, FLAT = 'change1' WHERE PROD_ID =107 AND RC_ID IS NULL;"
"UPDATE KARDEX SET RC_ID =81, FLAT = 'change1' WHERE PROD_ID =108 AND RC_ID IS NULL;"
"UPDATE KARDEX SET RC_ID =80, FLAT = 'change1' WHERE PROD_ID =109 AND RC_ID IS NULL;"
"UPDATE KARDEX SET RC_ID =82, FLAT = 'change1' WHERE PROD_ID =112 AND RC_ID IS NULL;"
"UPDATE KARDEX SET RC_ID =123, FLAT = 'change1' WHERE PROD_ID =113 AND RC_ID IS NULL;"
"UPDATE KARDEX SET RC_ID =80, FLAT = 'change1' WHERE PROD_ID =114 AND RC_ID IS NULL;"
"UPDATE KARDEX SET RC_ID =80, FLAT = 'change1' WHERE PROD_ID =115 AND RC_ID IS NULL;"
"UPDATE KARDEX SET RC_ID =151, FLAT = 'change1' WHERE PROD_ID =116 AND RC_ID IS NULL;"
"UPDATE KARDEX SET RC_ID =115, FLAT = 'change1' WHERE PROD_ID =117 AND RC_ID IS NULL;"
"UPDATE KARDEX SET RC_ID =197, FLAT = 'change1' WHERE PROD_ID =118 AND RC_ID IS NULL;"
"UPDATE KARDEX SET RC_ID =194, FLAT = 'change1' WHERE PROD_ID =119 AND RC_ID IS NULL;"
"UPDATE KARDEX SET RC_ID =122, FLAT = 'change1' WHERE PROD_ID =120 AND RC_ID IS NULL;"
"UPDATE KARDEX SET RC_ID =81, FLAT = 'change1' WHERE PROD_ID =121 AND RC_ID IS NULL;"
"UPDATE KARDEX SET RC_ID =151, FLAT = 'change1' WHERE PROD_ID =122 AND RC_ID IS NULL;"
"UPDATE KARDEX SET RC_ID =83, FLAT = 'change1' WHERE PROD_ID =125 AND RC_ID IS NULL;"
"UPDATE KARDEX SET RC_ID =82, FLAT = 'change1' WHERE PROD_ID =126 AND RC_ID IS NULL;"
"UPDATE KARDEX SET RC_ID =83, FLAT = 'change1' WHERE PROD_ID =127 AND RC_ID IS NULL;"
"UPDATE KARDEX SET RC_ID =112, FLAT = 'change1' WHERE PROD_ID =129 AND RC_ID IS NULL;"
"UPDATE KARDEX SET RC_ID =83, FLAT = 'change1' WHERE PROD_ID =131 AND RC_ID IS NULL;"
"UPDATE KARDEX SET RC_ID =87, FLAT = 'change1' WHERE PROD_ID =132 AND RC_ID IS NULL;"
"UPDATE KARDEX SET RC_ID =159, FLAT = 'change1' WHERE PROD_ID =133 AND RC_ID IS NULL;"
"UPDATE KARDEX SET RC_ID =81, FLAT = 'change1' WHERE PROD_ID =134 AND RC_ID IS NULL;"
"UPDATE KARDEX SET RC_ID =194, FLAT = 'change1' WHERE PROD_ID =135 AND RC_ID IS NULL;"
"UPDATE KARDEX SET RC_ID =84, FLAT = 'change1' WHERE PROD_ID =136 AND RC_ID IS NULL;"
"UPDATE KARDEX SET RC_ID =84, FLAT = 'change1' WHERE PROD_ID =137 AND RC_ID IS NULL;"
"UPDATE KARDEX SET RC_ID =123, FLAT = 'change1' WHERE PROD_ID =138 AND RC_ID IS NULL;"
"UPDATE KARDEX SET RC_ID =101, FLAT = 'change1' WHERE PROD_ID =139 AND RC_ID IS NULL;"
"UPDATE KARDEX SET RC_ID =159, FLAT = 'change1' WHERE PROD_ID =140 AND RC_ID IS NULL;"
"UPDATE KARDEX SET RC_ID =83, FLAT = 'change1' WHERE PROD_ID =141 AND RC_ID IS NULL;"
"UPDATE KARDEX SET RC_ID =84, FLAT = 'change1' WHERE PROD_ID =142 AND RC_ID IS NULL;"
"UPDATE KARDEX SET RC_ID =84, FLAT = 'change1' WHERE PROD_ID =143 AND RC_ID IS NULL;"
"UPDATE KARDEX SET RC_ID =84, FLAT = 'change1' WHERE PROD_ID =145 AND RC_ID IS NULL;"
"UPDATE KARDEX SET RC_ID =82, FLAT = 'change1' WHERE PROD_ID =146 AND RC_ID IS NULL;"
"UPDATE KARDEX SET RC_ID =80, FLAT = 'change1' WHERE PROD_ID =147 AND RC_ID IS NULL;"
"UPDATE KARDEX SET RC_ID =80, FLAT = 'change1' WHERE PROD_ID =150 AND RC_ID IS NULL;"
"UPDATE KARDEX SET RC_ID =80, FLAT = 'change1' WHERE PROD_ID =151 AND RC_ID IS NULL;"
"UPDATE KARDEX SET RC_ID =112, FLAT = 'change1' WHERE PROD_ID =153 AND RC_ID IS NULL;"
"UPDATE KARDEX SET RC_ID =112, FLAT = 'change1' WHERE PROD_ID =154 AND RC_ID IS NULL;"
"UPDATE KARDEX SET RC_ID =102, FLAT = 'change1' WHERE PROD_ID =156 AND RC_ID IS NULL;"
"UPDATE KARDEX SET RC_ID =87, FLAT = 'change1' WHERE PROD_ID =157 AND RC_ID IS NULL;"
"UPDATE KARDEX SET RC_ID =159, FLAT = 'change1' WHERE PROD_ID =158 AND RC_ID IS NULL;"
"UPDATE KARDEX SET RC_ID =82, FLAT = 'change1' WHERE PROD_ID =159 AND RC_ID IS NULL;"
"UPDATE KARDEX SET RC_ID =86, FLAT = 'change1' WHERE PROD_ID =161 AND RC_ID IS NULL;"
"UPDATE KARDEX SET RC_ID =86, FLAT = 'change1' WHERE PROD_ID =162 AND RC_ID IS NULL;"
"UPDATE KARDEX SET RC_ID =82, FLAT = 'change1' WHERE PROD_ID =163 AND RC_ID IS NULL;"
"UPDATE KARDEX SET RC_ID =81, FLAT = 'change1' WHERE PROD_ID =167 AND RC_ID IS NULL;"
"UPDATE KARDEX SET RC_ID =180, FLAT = 'change1' WHERE PROD_ID =172 AND RC_ID IS NULL;"
"UPDATE KARDEX SET RC_ID =159, FLAT = 'change1' WHERE PROD_ID =174 AND RC_ID IS NULL;"
"UPDATE KARDEX SET RC_ID =86, FLAT = 'change1' WHERE PROD_ID =176 AND RC_ID IS NULL;"
"UPDATE KARDEX SET RC_ID =169, FLAT = 'change1' WHERE PROD_ID =178 AND RC_ID IS NULL;"
"UPDATE KARDEX SET RC_ID =159, FLAT = 'change1' WHERE PROD_ID =179 AND RC_ID IS NULL;"
"UPDATE KARDEX SET RC_ID =179, FLAT = 'change1' WHERE PROD_ID =180 AND RC_ID IS NULL;"
"UPDATE KARDEX SET RC_ID =171, FLAT = 'change1' WHERE PROD_ID =181 AND RC_ID IS NULL;"
"UPDATE KARDEX SET RC_ID =239, FLAT = 'change1' WHERE PROD_ID =182 AND RC_ID IS NULL;"
"UPDATE KARDEX SET RC_ID =161, FLAT = 'change1' WHERE PROD_ID =183 AND RC_ID IS NULL;"
"UPDATE KARDEX SET RC_ID =89, FLAT = 'change1' WHERE PROD_ID =184 AND RC_ID IS NULL;"
"UPDATE KARDEX SET RC_ID =91, FLAT = 'change1' WHERE PROD_ID =185 AND RC_ID IS NULL;"
"UPDATE KARDEX SET RC_ID =94, FLAT = 'change1' WHERE PROD_ID =186 AND RC_ID IS NULL;"
"UPDATE KARDEX SET RC_ID =91, FLAT = 'change1' WHERE PROD_ID =187 AND RC_ID IS NULL;"
"UPDATE KARDEX SET RC_ID =180, FLAT = 'change1' WHERE PROD_ID =188 AND RC_ID IS NULL;"
"UPDATE KARDEX SET RC_ID =86, FLAT = 'change1' WHERE PROD_ID =190 AND RC_ID IS NULL;"
"UPDATE KARDEX SET RC_ID =172, FLAT = 'change1' WHERE PROD_ID =192 AND RC_ID IS NULL;"
"UPDATE KARDEX SET RC_ID =167, FLAT = 'change1' WHERE PROD_ID =193 AND RC_ID IS NULL;"
"UPDATE KARDEX SET RC_ID =186, FLAT = 'change1' WHERE PROD_ID =194 AND RC_ID IS NULL;"
"UPDATE KARDEX SET RC_ID =180, FLAT = 'change1' WHERE PROD_ID =196 AND RC_ID IS NULL;"
"UPDATE KARDEX SET RC_ID =189, FLAT = 'change1' WHERE PROD_ID =198 AND RC_ID IS NULL;"
"UPDATE KARDEX SET RC_ID =157, FLAT = 'change1' WHERE PROD_ID =199 AND RC_ID IS NULL;"
"UPDATE KARDEX SET RC_ID =85, FLAT = 'change1' WHERE PROD_ID =200 AND RC_ID IS NULL;"
"UPDATE KARDEX SET RC_ID =239, FLAT = 'change1' WHERE PROD_ID =202 AND RC_ID IS NULL;"
"UPDATE KARDEX SET RC_ID =182, FLAT = 'change1' WHERE PROD_ID =206 AND RC_ID IS NULL;"
"UPDATE KARDEX SET RC_ID =181, FLAT = 'change1' WHERE PROD_ID =208 AND RC_ID IS NULL;"
"UPDATE KARDEX SET RC_ID =172, FLAT = 'change1' WHERE PROD_ID =209 AND RC_ID IS NULL;"
"UPDATE KARDEX SET RC_ID =182, FLAT = 'change1' WHERE PROD_ID =210 AND RC_ID IS NULL;"
"UPDATE KARDEX SET RC_ID =157, FLAT = 'change1' WHERE PROD_ID =211 AND RC_ID IS NULL;"
"UPDATE KARDEX SET RC_ID =186, FLAT = 'change1' WHERE PROD_ID =212 AND RC_ID IS NULL;"
"UPDATE KARDEX SET RC_ID =179, FLAT = 'change1' WHERE PROD_ID =213 AND RC_ID IS NULL;"
"UPDATE KARDEX SET RC_ID =170, FLAT = 'change1' WHERE PROD_ID =214 AND RC_ID IS NULL;"
"UPDATE KARDEX SET RC_ID =169, FLAT = 'change1' WHERE PROD_ID =215 AND RC_ID IS NULL;"
"UPDATE KARDEX SET RC_ID =186, FLAT = 'change1' WHERE PROD_ID =217 AND RC_ID IS NULL;"
"UPDATE KARDEX SET RC_ID =169, FLAT = 'change1' WHERE PROD_ID =218 AND RC_ID IS NULL;"
"UPDATE KARDEX SET RC_ID =169, FLAT = 'change1' WHERE PROD_ID =219 AND RC_ID IS NULL;"
"UPDATE KARDEX SET RC_ID =161, FLAT = 'change1' WHERE PROD_ID =220 AND RC_ID IS NULL;"
"UPDATE KARDEX SET RC_ID =169, FLAT = 'change1' WHERE PROD_ID =221 AND RC_ID IS NULL;"
"UPDATE KARDEX SET RC_ID =169, FLAT = 'change1' WHERE PROD_ID =222 AND RC_ID IS NULL;"
"UPDATE KARDEX SET RC_ID =181, FLAT = 'change1' WHERE PROD_ID =223 AND RC_ID IS NULL;"
"UPDATE KARDEX SET RC_ID =159, FLAT = 'change1' WHERE PROD_ID =224 AND RC_ID IS NULL;"
"UPDATE KARDEX SET RC_ID =171, FLAT = 'change1' WHERE PROD_ID =225 AND RC_ID IS NULL;"
"UPDATE KARDEX SET RC_ID =197, FLAT = 'change1' WHERE PROD_ID =230 AND RC_ID IS NULL;"
"UPDATE KARDEX SET RC_ID =232, FLAT = 'change1' WHERE PROD_ID =261 AND RC_ID IS NULL;"
"UPDATE KARDEX SET RC_ID =193, FLAT = 'change1' WHERE PROD_ID =262 AND RC_ID IS NULL;"
"UPDATE KARDEX SET RC_ID =195, FLAT = 'change1' WHERE PROD_ID =263 AND RC_ID IS NULL;"
"UPDATE KARDEX SET RC_ID =184, FLAT = 'change1' WHERE PROD_ID =264 AND RC_ID IS NULL;"
"UPDATE KARDEX SET RC_ID =183, FLAT = 'change1' WHERE PROD_ID =266 AND RC_ID IS NULL;"
"UPDATE KARDEX SET RC_ID =202, FLAT = 'change1' WHERE PROD_ID =267 AND RC_ID IS NULL;"
"UPDATE KARDEX SET RC_ID =185, FLAT = 'change1' WHERE PROD_ID =268 AND RC_ID IS NULL;"
"UPDATE KARDEX SET RC_ID =202, FLAT = 'change1' WHERE PROD_ID =269 AND RC_ID IS NULL;"
"UPDATE KARDEX SET RC_ID =202, FLAT = 'change1' WHERE PROD_ID =270 AND RC_ID IS NULL;"
"UPDATE KARDEX SET RC_ID =92, FLAT = 'change1' WHERE PROD_ID =279 AND RC_ID IS NULL;"
"UPDATE KARDEX SET RC_ID =92, FLAT = 'change1' WHERE PROD_ID =280 AND RC_ID IS NULL;"
"UPDATE KARDEX SET RC_ID =92, FLAT = 'change1' WHERE PROD_ID =281 AND RC_ID IS NULL;"
"UPDATE KARDEX SET RC_ID =195, FLAT = 'change1' WHERE PROD_ID =282 AND RC_ID IS NULL;"
"UPDATE KARDEX SET RC_ID =98, FLAT = 'change1' WHERE PROD_ID =283 AND RC_ID IS NULL;"
"UPDATE KARDEX SET RC_ID =97, FLAT = 'change1' WHERE PROD_ID =285 AND RC_ID IS NULL;"
"UPDATE KARDEX SET RC_ID =97, FLAT = 'change1' WHERE PROD_ID =286 AND RC_ID IS NULL;"
"UPDATE KARDEX SET RC_ID =97, FLAT = 'change1' WHERE PROD_ID =287 AND RC_ID IS NULL;"
"UPDATE KARDEX SET RC_ID =98, FLAT = 'change1' WHERE PROD_ID =288 AND RC_ID IS NULL;"
"UPDATE KARDEX SET RC_ID =21, FLAT = 'change1' WHERE PROD_ID =289 AND RC_ID IS NULL;"
"UPDATE KARDEX SET RC_ID =21, FLAT = 'change1' WHERE PROD_ID =290 AND RC_ID IS NULL;"
"UPDATE KARDEX SET RC_ID =24, FLAT = 'change1' WHERE PROD_ID =293 AND RC_ID IS NULL;"
"UPDATE KARDEX SET RC_ID =21, FLAT = 'change1' WHERE PROD_ID =294 AND RC_ID IS NULL;"
"UPDATE KARDEX SET RC_ID =24, FLAT = 'change1' WHERE PROD_ID =297 AND RC_ID IS NULL;"
"UPDATE KARDEX SET RC_ID =35, FLAT = 'change1' WHERE PROD_ID =298 AND RC_ID IS NULL;"
"UPDATE KARDEX SET RC_ID =56, FLAT = 'change1' WHERE PROD_ID =299 AND RC_ID IS NULL;"
"UPDATE KARDEX SET RC_ID =34, FLAT = 'change1' WHERE PROD_ID =301 AND RC_ID IS NULL;"
"UPDATE KARDEX SET RC_ID =21, FLAT = 'change1' WHERE PROD_ID =302 AND RC_ID IS NULL;"
"UPDATE KARDEX SET RC_ID =323, FLAT = 'change1' WHERE PROD_ID =305 AND RC_ID IS NULL;"
"UPDATE KARDEX SET RC_ID =173, FLAT = 'change1' WHERE PROD_ID =312 AND RC_ID IS NULL;"
"UPDATE KARDEX SET RC_ID =94, FLAT = 'change1' WHERE PROD_ID =314 AND RC_ID IS NULL;"
"UPDATE KARDEX SET RC_ID =95, FLAT = 'change1' WHERE PROD_ID =315 AND RC_ID IS NULL;"
"UPDATE KARDEX SET RC_ID =93, FLAT = 'change1' WHERE PROD_ID =316 AND RC_ID IS NULL;"
"UPDATE KARDEX SET RC_ID =187, FLAT = 'change1' WHERE PROD_ID =317 AND RC_ID IS NULL;"
"UPDATE KARDEX SET RC_ID =174, FLAT = 'change1' WHERE PROD_ID =318 AND RC_ID IS NULL;"
"UPDATE KARDEX SET RC_ID =160, FLAT = 'change1' WHERE PROD_ID =319 AND RC_ID IS NULL;"
"UPDATE KARDEX SET RC_ID =175, FLAT = 'change1' WHERE PROD_ID =320 AND RC_ID IS NULL;"
"UPDATE KARDEX SET RC_ID =240, FLAT = 'change1' WHERE PROD_ID =321 AND RC_ID IS NULL;"
"UPDATE KARDEX SET RC_ID =224, FLAT = 'change1' WHERE PROD_ID =324 AND RC_ID IS NULL;"
"UPDATE KARDEX SET RC_ID =238, FLAT = 'change1' WHERE PROD_ID =325 AND RC_ID IS NULL;"
"UPDATE KARDEX SET RC_ID =236, FLAT = 'change1' WHERE PROD_ID =326 AND RC_ID IS NULL;"
"UPDATE KARDEX SET RC_ID =176, FLAT = 'change1' WHERE PROD_ID =328 AND RC_ID IS NULL;"
"UPDATE KARDEX SET RC_ID =177, FLAT = 'change1' WHERE PROD_ID =330 AND RC_ID IS NULL;"
"UPDATE KARDEX SET RC_ID =177, FLAT = 'change1' WHERE PROD_ID =331 AND RC_ID IS NULL;"
"UPDATE KARDEX SET RC_ID =178, FLAT = 'change1' WHERE PROD_ID =332 AND RC_ID IS NULL;"
"UPDATE KARDEX SET RC_ID =178, FLAT = 'change1' WHERE PROD_ID =333 AND RC_ID IS NULL;"
"UPDATE KARDEX SET RC_ID =165, FLAT = 'change1' WHERE PROD_ID =334 AND RC_ID IS NULL;"
"UPDATE KARDEX SET RC_ID =156, FLAT = 'change1' WHERE PROD_ID =335 AND RC_ID IS NULL;"
"UPDATE KARDEX SET RC_ID =87, FLAT = 'change1' WHERE PROD_ID =336 AND RC_ID IS NULL;"
"UPDATE KARDEX SET RC_ID =178, FLAT = 'change1' WHERE PROD_ID =337 AND RC_ID IS NULL;"
"UPDATE KARDEX SET RC_ID =86, FLAT = 'change1' WHERE PROD_ID =339 AND RC_ID IS NULL;"
"UPDATE KARDEX SET RC_ID =103, FLAT = 'change1' WHERE PROD_ID =340 AND RC_ID IS NULL;"
"UPDATE KARDEX SET RC_ID =102, FLAT = 'change1' WHERE PROD_ID =342 AND RC_ID IS NULL;"
"UPDATE KARDEX SET RC_ID =102, FLAT = 'change1' WHERE PROD_ID =345 AND RC_ID IS NULL;"
"UPDATE KARDEX SET RC_ID =116, FLAT = 'change1' WHERE PROD_ID =346 AND RC_ID IS NULL;"
"UPDATE KARDEX SET RC_ID =342, FLAT = 'change1' WHERE PROD_ID =348 AND RC_ID IS NULL;"
"UPDATE KARDEX SET RC_ID =99, FLAT = 'change1' WHERE PROD_ID =349 AND RC_ID IS NULL;"
"UPDATE KARDEX SET RC_ID =156, FLAT = 'change1' WHERE PROD_ID =352 AND RC_ID IS NULL;"
"UPDATE KARDEX SET RC_ID =81, FLAT = 'change1' WHERE PROD_ID =353 AND RC_ID IS NULL;"
"UPDATE KARDEX SET RC_ID =116, FLAT = 'change1' WHERE PROD_ID =354 AND RC_ID IS NULL;"
"UPDATE KARDEX SET RC_ID =100, FLAT = 'change1' WHERE PROD_ID =355 AND RC_ID IS NULL;"
"UPDATE KARDEX SET RC_ID =116, FLAT = 'change1' WHERE PROD_ID =356 AND RC_ID IS NULL;"
"UPDATE KARDEX SET RC_ID =87, FLAT = 'change1' WHERE PROD_ID =357 AND RC_ID IS NULL;"
"UPDATE KARDEX SET RC_ID =86, FLAT = 'change1' WHERE PROD_ID =359 AND RC_ID IS NULL;"
"UPDATE KARDEX SET RC_ID =100, FLAT = 'change1' WHERE PROD_ID =360 AND RC_ID IS NULL;"
"UPDATE KARDEX SET RC_ID =100, FLAT = 'change1' WHERE PROD_ID =361 AND RC_ID IS NULL;"
"UPDATE KARDEX SET RC_ID =150, FLAT = 'change1' WHERE PROD_ID =363 AND RC_ID IS NULL;"
"UPDATE KARDEX SET RC_ID =116, FLAT = 'change1' WHERE PROD_ID =364 AND RC_ID IS NULL;"
"UPDATE KARDEX SET RC_ID =91, FLAT = 'change1' WHERE PROD_ID =365 AND RC_ID IS NULL;"
"UPDATE KARDEX SET RC_ID =100, FLAT = 'change1' WHERE PROD_ID =367 AND RC_ID IS NULL;"
"UPDATE KARDEX SET RC_ID =88, FLAT = 'change1' WHERE PROD_ID =371 AND RC_ID IS NULL;"
"UPDATE KARDEX SET RC_ID =88, FLAT = 'change1' WHERE PROD_ID =372 AND RC_ID IS NULL;"
"UPDATE KARDEX SET RC_ID =88, FLAT = 'change1' WHERE PROD_ID =373 AND RC_ID IS NULL;"
"UPDATE KARDEX SET RC_ID =88, FLAT = 'change1' WHERE PROD_ID =374 AND RC_ID IS NULL;"
"UPDATE KARDEX SET RC_ID =116, FLAT = 'change1' WHERE PROD_ID =375 AND RC_ID IS NULL;"
"UPDATE KARDEX SET RC_ID =105, FLAT = 'change1' WHERE PROD_ID =377 AND RC_ID IS NULL;"
"UPDATE KARDEX SET RC_ID =183, FLAT = 'change1' WHERE PROD_ID =378 AND RC_ID IS NULL;"
"UPDATE KARDEX SET RC_ID =193, FLAT = 'change1' WHERE PROD_ID =384 AND RC_ID IS NULL;"
"UPDATE KARDEX SET RC_ID =106, FLAT = 'change1' WHERE PROD_ID =386 AND RC_ID IS NULL;"
"UPDATE KARDEX SET RC_ID =103, FLAT = 'change1' WHERE PROD_ID =388 AND RC_ID IS NULL;"
"UPDATE KARDEX SET RC_ID =104, FLAT = 'change1' WHERE PROD_ID =389 AND RC_ID IS NULL;"
"UPDATE KARDEX SET RC_ID =85, FLAT = 'change1' WHERE PROD_ID =390 AND RC_ID IS NULL;"
"UPDATE KARDEX SET RC_ID =105, FLAT = 'change1' WHERE PROD_ID =392 AND RC_ID IS NULL;"
"UPDATE KARDEX SET RC_ID =88, FLAT = 'change1' WHERE PROD_ID =393 AND RC_ID IS NULL;"
"UPDATE KARDEX SET RC_ID =88, FLAT = 'change1' WHERE PROD_ID =394 AND RC_ID IS NULL;"
"UPDATE KARDEX SET RC_ID =106, FLAT = 'change1' WHERE PROD_ID =395 AND RC_ID IS NULL;"
"UPDATE KARDEX SET RC_ID =153, FLAT = 'change1' WHERE PROD_ID =396 AND RC_ID IS NULL;"
"UPDATE KARDEX SET RC_ID =153, FLAT = 'change1' WHERE PROD_ID =397 AND RC_ID IS NULL;"
"UPDATE KARDEX SET RC_ID =153, FLAT = 'change1' WHERE PROD_ID =398 AND RC_ID IS NULL;"
"UPDATE KARDEX SET RC_ID =153, FLAT = 'change1' WHERE PROD_ID =399 AND RC_ID IS NULL;"
"UPDATE KARDEX SET RC_ID =153, FLAT = 'change1' WHERE PROD_ID =400 AND RC_ID IS NULL;"
"UPDATE KARDEX SET RC_ID =153, FLAT = 'change1' WHERE PROD_ID =401 AND RC_ID IS NULL;"
"UPDATE KARDEX SET RC_ID =153, FLAT = 'change1' WHERE PROD_ID =402 AND RC_ID IS NULL;"
"UPDATE KARDEX SET RC_ID =153, FLAT = 'change1' WHERE PROD_ID =403 AND RC_ID IS NULL;"
"UPDATE KARDEX SET RC_ID =153, FLAT = 'change1' WHERE PROD_ID =404 AND RC_ID IS NULL;"
"UPDATE KARDEX SET RC_ID =153, FLAT = 'change1' WHERE PROD_ID =405 AND RC_ID IS NULL;"
"UPDATE KARDEX SET RC_ID =153, FLAT = 'change1' WHERE PROD_ID =406 AND RC_ID IS NULL;"
"UPDATE KARDEX SET RC_ID =153, FLAT = 'change1' WHERE PROD_ID =407 AND RC_ID IS NULL;"
"UPDATE KARDEX SET RC_ID =152, FLAT = 'change1' WHERE PROD_ID =408 AND RC_ID IS NULL;"
"UPDATE KARDEX SET RC_ID =152, FLAT = 'change1' WHERE PROD_ID =412 AND RC_ID IS NULL;"
"UPDATE KARDEX SET RC_ID =152, FLAT = 'change1' WHERE PROD_ID =413 AND RC_ID IS NULL;"
"UPDATE KARDEX SET RC_ID =152, FLAT = 'change1' WHERE PROD_ID =416 AND RC_ID IS NULL;"
"UPDATE KARDEX SET RC_ID =152, FLAT = 'change1' WHERE PROD_ID =417 AND RC_ID IS NULL;"
"UPDATE KARDEX SET RC_ID =154, FLAT = 'change1' WHERE PROD_ID =418 AND RC_ID IS NULL;"
"UPDATE KARDEX SET RC_ID =154, FLAT = 'change1' WHERE PROD_ID =419 AND RC_ID IS NULL;"
"UPDATE KARDEX SET RC_ID =156, FLAT = 'change1' WHERE PROD_ID =423 AND RC_ID IS NULL;"
"UPDATE KARDEX SET RC_ID =156, FLAT = 'change1' WHERE PROD_ID =424 AND RC_ID IS NULL;"
"UPDATE KARDEX SET RC_ID =156, FLAT = 'change1' WHERE PROD_ID =425 AND RC_ID IS NULL;"
"UPDATE KARDEX SET RC_ID =155, FLAT = 'change1' WHERE PROD_ID =426 AND RC_ID IS NULL;"
"UPDATE KARDEX SET RC_ID =155, FLAT = 'change1' WHERE PROD_ID =427 AND RC_ID IS NULL;"
"UPDATE KARDEX SET RC_ID =154, FLAT = 'change1' WHERE PROD_ID =428 AND RC_ID IS NULL;"
"UPDATE KARDEX SET RC_ID =154, FLAT = 'change1' WHERE PROD_ID =429 AND RC_ID IS NULL;"
"UPDATE KARDEX SET RC_ID =154, FLAT = 'change1' WHERE PROD_ID =430 AND RC_ID IS NULL;"
"UPDATE KARDEX SET RC_ID =154, FLAT = 'change1' WHERE PROD_ID =431 AND RC_ID IS NULL;"
"UPDATE KARDEX SET RC_ID =154, FLAT = 'change1' WHERE PROD_ID =432 AND RC_ID IS NULL;"
"UPDATE KARDEX SET RC_ID =154, FLAT = 'change1' WHERE PROD_ID =433 AND RC_ID IS NULL;"
"UPDATE KARDEX SET RC_ID =154, FLAT = 'change1' WHERE PROD_ID =434 AND RC_ID IS NULL;"
"UPDATE KARDEX SET RC_ID =154, FLAT = 'change1' WHERE PROD_ID =435 AND RC_ID IS NULL;"
"UPDATE KARDEX SET RC_ID =90, FLAT = 'change1' WHERE PROD_ID =436 AND RC_ID IS NULL;"
"UPDATE KARDEX SET RC_ID =90, FLAT = 'change1' WHERE PROD_ID =437 AND RC_ID IS NULL;"
"UPDATE KARDEX SET RC_ID =90, FLAT = 'change1' WHERE PROD_ID =438 AND RC_ID IS NULL;"
"UPDATE KARDEX SET RC_ID =90, FLAT = 'change1' WHERE PROD_ID =439 AND RC_ID IS NULL;"
"UPDATE KARDEX SET RC_ID =90, FLAT = 'change1' WHERE PROD_ID =440 AND RC_ID IS NULL;"
"UPDATE KARDEX SET RC_ID =90, FLAT = 'change1' WHERE PROD_ID =441 AND RC_ID IS NULL;"
"UPDATE KARDEX SET RC_ID =90, FLAT = 'change1' WHERE PROD_ID =442 AND RC_ID IS NULL;"
"UPDATE KARDEX SET RC_ID =90, FLAT = 'change1' WHERE PROD_ID =443 AND RC_ID IS NULL;"
"UPDATE KARDEX SET RC_ID =90, FLAT = 'change1' WHERE PROD_ID =444 AND RC_ID IS NULL;"
"UPDATE KARDEX SET RC_ID =90, FLAT = 'change1' WHERE PROD_ID =445 AND RC_ID IS NULL;"
"UPDATE KARDEX SET RC_ID =90, FLAT = 'change1' WHERE PROD_ID =446 AND RC_ID IS NULL;"
"UPDATE KARDEX SET RC_ID =92, FLAT = 'change1' WHERE PROD_ID =448 AND RC_ID IS NULL;"
"UPDATE KARDEX SET RC_ID =92, FLAT = 'change1' WHERE PROD_ID =449 AND RC_ID IS NULL;"
"UPDATE KARDEX SET RC_ID =92, FLAT = 'change1' WHERE PROD_ID =450 AND RC_ID IS NULL;"
"UPDATE KARDEX SET RC_ID =92, FLAT = 'change1' WHERE PROD_ID =451 AND RC_ID IS NULL;"
"UPDATE KARDEX SET RC_ID =92, FLAT = 'change1' WHERE PROD_ID =452 AND RC_ID IS NULL;"
"UPDATE KARDEX SET RC_ID =92, FLAT = 'change1' WHERE PROD_ID =453 AND RC_ID IS NULL;"
"UPDATE KARDEX SET RC_ID =92, FLAT = 'change1' WHERE PROD_ID =454 AND RC_ID IS NULL;"
"UPDATE KARDEX SET RC_ID =92, FLAT = 'change1' WHERE PROD_ID =455 AND RC_ID IS NULL;"
"UPDATE KARDEX SET RC_ID =92, FLAT = 'change1' WHERE PROD_ID =456 AND RC_ID IS NULL;"
"UPDATE KARDEX SET RC_ID =338, FLAT = 'change1' WHERE PROD_ID =457 AND RC_ID IS NULL;"
"UPDATE KARDEX SET RC_ID =155, FLAT = 'change1' WHERE PROD_ID =458 AND RC_ID IS NULL;"
"UPDATE KARDEX SET RC_ID =154, FLAT = 'change1' WHERE PROD_ID =460 AND RC_ID IS NULL;"
"UPDATE KARDEX SET RC_ID =154, FLAT = 'change1' WHERE PROD_ID =461 AND RC_ID IS NULL;"
"UPDATE KARDEX SET RC_ID =154, FLAT = 'change1' WHERE PROD_ID =462 AND RC_ID IS NULL;"
"UPDATE KARDEX SET RC_ID =154, FLAT = 'change1' WHERE PROD_ID =463 AND RC_ID IS NULL;"
"UPDATE KARDEX SET RC_ID =92, FLAT = 'change1' WHERE PROD_ID =465 AND RC_ID IS NULL;"
"UPDATE KARDEX SET RC_ID =90, FLAT = 'change1' WHERE PROD_ID =466 AND RC_ID IS NULL;"
"UPDATE KARDEX SET RC_ID =157, FLAT = 'change1' WHERE PROD_ID =467 AND RC_ID IS NULL;"
"UPDATE KARDEX SET RC_ID =157, FLAT = 'change1' WHERE PROD_ID =469 AND RC_ID IS NULL;"
"UPDATE KARDEX SET RC_ID =167, FLAT = 'change1' WHERE PROD_ID =470 AND RC_ID IS NULL;"
"UPDATE KARDEX SET RC_ID =338, FLAT = 'change1' WHERE PROD_ID =471 AND RC_ID IS NULL;"
"UPDATE KARDEX SET RC_ID =157, FLAT = 'change1' WHERE PROD_ID =472 AND RC_ID IS NULL;"
"UPDATE KARDEX SET RC_ID =165, FLAT = 'change1' WHERE PROD_ID =473 AND RC_ID IS NULL;"
"UPDATE KARDEX SET RC_ID =156, FLAT = 'change1' WHERE PROD_ID =474 AND RC_ID IS NULL;"
"UPDATE KARDEX SET RC_ID =157, FLAT = 'change1' WHERE PROD_ID =475 AND RC_ID IS NULL;"
"UPDATE KARDEX SET RC_ID =157, FLAT = 'change1' WHERE PROD_ID =476 AND RC_ID IS NULL;"
"UPDATE KARDEX SET RC_ID =166, FLAT = 'change1' WHERE PROD_ID =480 AND RC_ID IS NULL;"
"UPDATE KARDEX SET RC_ID =167, FLAT = 'change1' WHERE PROD_ID =481 AND RC_ID IS NULL;"
"UPDATE KARDEX SET RC_ID =166, FLAT = 'change1' WHERE PROD_ID =482 AND RC_ID IS NULL;"
"UPDATE KARDEX SET RC_ID =157, FLAT = 'change1' WHERE PROD_ID =483 AND RC_ID IS NULL;"
"UPDATE KARDEX SET RC_ID =192, FLAT = 'change1' WHERE PROD_ID =484 AND RC_ID IS NULL;"
"UPDATE KARDEX SET RC_ID =182, FLAT = 'change1' WHERE PROD_ID =485 AND RC_ID IS NULL;"
"UPDATE KARDEX SET RC_ID =341, FLAT = 'change1' WHERE PROD_ID =486 AND RC_ID IS NULL;"
"UPDATE KARDEX SET RC_ID =87, FLAT = 'change1' WHERE PROD_ID =488 AND RC_ID IS NULL;"
"UPDATE KARDEX SET RC_ID =123, FLAT = 'change1' WHERE PROD_ID =489 AND RC_ID IS NULL;"
"UPDATE KARDEX SET RC_ID =151, FLAT = 'change1' WHERE PROD_ID =490 AND RC_ID IS NULL;"
"UPDATE KARDEX SET RC_ID =123, FLAT = 'change1' WHERE PROD_ID =491 AND RC_ID IS NULL;"
"UPDATE KARDEX SET RC_ID =123, FLAT = 'change1' WHERE PROD_ID =492 AND RC_ID IS NULL;"
"UPDATE KARDEX SET RC_ID =123, FLAT = 'change1' WHERE PROD_ID =493 AND RC_ID IS NULL;"
"UPDATE KARDEX SET RC_ID =112, FLAT = 'change1' WHERE PROD_ID =494 AND RC_ID IS NULL;"
"UPDATE KARDEX SET RC_ID =112, FLAT = 'change1' WHERE PROD_ID =495 AND RC_ID IS NULL;"
"UPDATE KARDEX SET RC_ID =150, FLAT = 'change1' WHERE PROD_ID =496 AND RC_ID IS NULL;"
"UPDATE KARDEX SET RC_ID =193, FLAT = 'change1' WHERE PROD_ID =497 AND RC_ID IS NULL;"
"UPDATE KARDEX SET RC_ID =150, FLAT = 'change1' WHERE PROD_ID =498 AND RC_ID IS NULL;"
"UPDATE KARDEX SET RC_ID =194, FLAT = 'change1' WHERE PROD_ID =499 AND RC_ID IS NULL;"
"UPDATE KARDEX SET RC_ID =112, FLAT = 'change1' WHERE PROD_ID =500 AND RC_ID IS NULL;"
"UPDATE KARDEX SET RC_ID =122, FLAT = 'change1' WHERE PROD_ID =501 AND RC_ID IS NULL;"
"UPDATE KARDEX SET RC_ID =197, FLAT = 'change1' WHERE PROD_ID =502 AND RC_ID IS NULL;"
"UPDATE KARDEX SET RC_ID =190, FLAT = 'change1' WHERE PROD_ID =503 AND RC_ID IS NULL;"
"UPDATE KARDEX SET RC_ID =115, FLAT = 'change1' WHERE PROD_ID =504 AND RC_ID IS NULL;"
"UPDATE KARDEX SET RC_ID =115, FLAT = 'change1' WHERE PROD_ID =505 AND RC_ID IS NULL;"
"UPDATE KARDEX SET RC_ID =168, FLAT = 'change1' WHERE PROD_ID =506 AND RC_ID IS NULL;"
"UPDATE KARDEX SET RC_ID =168, FLAT = 'change1' WHERE PROD_ID =507 AND RC_ID IS NULL;"
"UPDATE KARDEX SET RC_ID =168, FLAT = 'change1' WHERE PROD_ID =508 AND RC_ID IS NULL;"
"UPDATE KARDEX SET RC_ID =193, FLAT = 'change1' WHERE PROD_ID =510 AND RC_ID IS NULL;"
"UPDATE KARDEX SET RC_ID =206, FLAT = 'change1' WHERE PROD_ID =513 AND RC_ID IS NULL;"
"UPDATE KARDEX SET RC_ID =205, FLAT = 'change1' WHERE PROD_ID =514 AND RC_ID IS NULL;"
"UPDATE KARDEX SET RC_ID =205, FLAT = 'change1' WHERE PROD_ID =515 AND RC_ID IS NULL;"
"UPDATE KARDEX SET RC_ID =205, FLAT = 'change1' WHERE PROD_ID =516 AND RC_ID IS NULL;"
"UPDATE KARDEX SET RC_ID =205, FLAT = 'change1' WHERE PROD_ID =517 AND RC_ID IS NULL;"
"UPDATE KARDEX SET RC_ID =205, FLAT = 'change1' WHERE PROD_ID =518 AND RC_ID IS NULL;"
"UPDATE KARDEX SET RC_ID =205, FLAT = 'change1' WHERE PROD_ID =519 AND RC_ID IS NULL;"
"UPDATE KARDEX SET RC_ID =206, FLAT = 'change1' WHERE PROD_ID =520 AND RC_ID IS NULL;"
"UPDATE KARDEX SET RC_ID =206, FLAT = 'change1' WHERE PROD_ID =521 AND RC_ID IS NULL;"
"UPDATE KARDEX SET RC_ID =206, FLAT = 'change1' WHERE PROD_ID =522 AND RC_ID IS NULL;"
"UPDATE KARDEX SET RC_ID =205, FLAT = 'change1' WHERE PROD_ID =523 AND RC_ID IS NULL;"
"UPDATE KARDEX SET RC_ID =206, FLAT = 'change1' WHERE PROD_ID =524 AND RC_ID IS NULL;"
"UPDATE KARDEX SET RC_ID =206, FLAT = 'change1' WHERE PROD_ID =525 AND RC_ID IS NULL;"
"UPDATE KARDEX SET RC_ID =206, FLAT = 'change1' WHERE PROD_ID =526 AND RC_ID IS NULL;"
"UPDATE KARDEX SET RC_ID =206, FLAT = 'change1' WHERE PROD_ID =527 AND RC_ID IS NULL;"
"UPDATE KARDEX SET RC_ID =206, FLAT = 'change1' WHERE PROD_ID =528 AND RC_ID IS NULL;"
"UPDATE KARDEX SET RC_ID =312, FLAT = 'change1' WHERE PROD_ID =533 AND RC_ID IS NULL;"
"UPDATE KARDEX SET RC_ID =313, FLAT = 'change1' WHERE PROD_ID =536 AND RC_ID IS NULL;"
"UPDATE KARDEX SET RC_ID =314, FLAT = 'change1' WHERE PROD_ID =538 AND RC_ID IS NULL;"
"UPDATE KARDEX SET RC_ID =315, FLAT = 'change1' WHERE PROD_ID =540 AND RC_ID IS NULL;"
"UPDATE KARDEX SET RC_ID =317, FLAT = 'change1' WHERE PROD_ID =545 AND RC_ID IS NULL;"
"UPDATE KARDEX SET RC_ID =316, FLAT = 'change1' WHERE PROD_ID =555 AND RC_ID IS NULL;"
"UPDATE KARDEX SET RC_ID =324, FLAT = 'change1' WHERE PROD_ID =560 AND RC_ID IS NULL;"
"UPDATE KARDEX SET RC_ID =324, FLAT = 'change1' WHERE PROD_ID =561 AND RC_ID IS NULL;"
"UPDATE KARDEX SET RC_ID =326, FLAT = 'change1' WHERE PROD_ID =562 AND RC_ID IS NULL;"
"UPDATE KARDEX SET RC_ID =329, FLAT = 'change1' WHERE PROD_ID =563 AND RC_ID IS NULL;"
"UPDATE KARDEX SET RC_ID =326, FLAT = 'change1' WHERE PROD_ID =564 AND RC_ID IS NULL;"
"UPDATE KARDEX SET RC_ID =328, FLAT = 'change1' WHERE PROD_ID =566 AND RC_ID IS NULL;"
"UPDATE KARDEX SET RC_ID =327, FLAT = 'change1' WHERE PROD_ID =567 AND RC_ID IS NULL;"
"UPDATE KARDEX SET RC_ID =327, FLAT = 'change1' WHERE PROD_ID =569 AND RC_ID IS NULL;"
"UPDATE KARDEX SET RC_ID =317, FLAT = 'change1' WHERE PROD_ID =570 AND RC_ID IS NULL;"
"UPDATE KARDEX SET RC_ID =322, FLAT = 'change1' WHERE PROD_ID =571 AND RC_ID IS NULL;"
"UPDATE KARDEX SET RC_ID =322, FLAT = 'change1' WHERE PROD_ID =572 AND RC_ID IS NULL;"
"UPDATE KARDEX SET RC_ID =327, FLAT = 'change1' WHERE PROD_ID =573 AND RC_ID IS NULL;"
"UPDATE KARDEX SET RC_ID =322, FLAT = 'change1' WHERE PROD_ID =574 AND RC_ID IS NULL;"
"UPDATE KARDEX SET RC_ID =323, FLAT = 'change1' WHERE PROD_ID =576 AND RC_ID IS NULL;"
"UPDATE KARDEX SET RC_ID =322, FLAT = 'change1' WHERE PROD_ID =577 AND RC_ID IS NULL;"
"UPDATE KARDEX SET RC_ID =319, FLAT = 'change1' WHERE PROD_ID =579 AND RC_ID IS NULL;"
"UPDATE KARDEX SET RC_ID =314, FLAT = 'change1' WHERE PROD_ID =580 AND RC_ID IS NULL;"
"UPDATE KARDEX SET RC_ID =317, FLAT = 'change1' WHERE PROD_ID =581 AND RC_ID IS NULL;"
"UPDATE KARDEX SET RC_ID =320, FLAT = 'change1' WHERE PROD_ID =582 AND RC_ID IS NULL;"
"UPDATE KARDEX SET RC_ID =320, FLAT = 'change1' WHERE PROD_ID =584 AND RC_ID IS NULL;"
"UPDATE KARDEX SET RC_ID =311, FLAT = 'change1' WHERE PROD_ID =585 AND RC_ID IS NULL;"
"UPDATE KARDEX SET RC_ID =313, FLAT = 'change1' WHERE PROD_ID =586 AND RC_ID IS NULL;"
"UPDATE KARDEX SET RC_ID =326, FLAT = 'change1' WHERE PROD_ID =588 AND RC_ID IS NULL;"
"UPDATE KARDEX SET RC_ID =204, FLAT = 'change1' WHERE PROD_ID =590 AND RC_ID IS NULL;"
"UPDATE KARDEX SET RC_ID =204, FLAT = 'change1' WHERE PROD_ID =591 AND RC_ID IS NULL;"
"UPDATE KARDEX SET RC_ID =204, FLAT = 'change1' WHERE PROD_ID =592 AND RC_ID IS NULL;"
"UPDATE KARDEX SET RC_ID =204, FLAT = 'change1' WHERE PROD_ID =594 AND RC_ID IS NULL;"
"UPDATE KARDEX SET RC_ID =204, FLAT = 'change1' WHERE PROD_ID =595 AND RC_ID IS NULL;"
"UPDATE KARDEX SET RC_ID =203, FLAT = 'change1' WHERE PROD_ID =596 AND RC_ID IS NULL;"
"UPDATE KARDEX SET RC_ID =203, FLAT = 'change1' WHERE PROD_ID =597 AND RC_ID IS NULL;"
"UPDATE KARDEX SET RC_ID =203, FLAT = 'change1' WHERE PROD_ID =598 AND RC_ID IS NULL;"
"UPDATE KARDEX SET RC_ID =204, FLAT = 'change1' WHERE PROD_ID =599 AND RC_ID IS NULL;"
"UPDATE KARDEX SET RC_ID =204, FLAT = 'change1' WHERE PROD_ID =600 AND RC_ID IS NULL;"
"UPDATE KARDEX SET RC_ID =204, FLAT = 'change1' WHERE PROD_ID =601 AND RC_ID IS NULL;"
"UPDATE KARDEX SET RC_ID =130, FLAT = 'change1' WHERE PROD_ID =611 AND RC_ID IS NULL;"
"UPDATE KARDEX SET RC_ID =323, FLAT = 'change1' WHERE PROD_ID =612 AND RC_ID IS NULL;"
"UPDATE KARDEX SET RC_ID =203, FLAT = 'change1' WHERE PROD_ID =614 AND RC_ID IS NULL;"
"UPDATE KARDEX SET RC_ID =203, FLAT = 'change1' WHERE PROD_ID =615 AND RC_ID IS NULL;"
"UPDATE KARDEX SET RC_ID =203, FLAT = 'change1' WHERE PROD_ID =616 AND RC_ID IS NULL;"
"UPDATE KARDEX SET RC_ID =203, FLAT = 'change1' WHERE PROD_ID =617 AND RC_ID IS NULL;"
"UPDATE KARDEX SET RC_ID =203, FLAT = 'change1' WHERE PROD_ID =618 AND RC_ID IS NULL;"
"UPDATE KARDEX SET RC_ID =319, FLAT = 'change1' WHERE PROD_ID =620 AND RC_ID IS NULL;"
"UPDATE KARDEX SET RC_ID =319, FLAT = 'change1' WHERE PROD_ID =622 AND RC_ID IS NULL;"
"UPDATE KARDEX SET RC_ID =315, FLAT = 'change1' WHERE PROD_ID =623 AND RC_ID IS NULL;"
"UPDATE KARDEX SET RC_ID =311, FLAT = 'change1' WHERE PROD_ID =624 AND RC_ID IS NULL;"
"UPDATE KARDEX SET RC_ID =320, FLAT = 'change1' WHERE PROD_ID =625 AND RC_ID IS NULL;"
"UPDATE KARDEX SET RC_ID =321, FLAT = 'change1' WHERE PROD_ID =626 AND RC_ID IS NULL;"
"UPDATE KARDEX SET RC_ID =317, FLAT = 'change1' WHERE PROD_ID =627 AND RC_ID IS NULL;"
"UPDATE KARDEX SET RC_ID =312, FLAT = 'change1' WHERE PROD_ID =628 AND RC_ID IS NULL;"
"UPDATE KARDEX SET RC_ID =312, FLAT = 'change1' WHERE PROD_ID =629 AND RC_ID IS NULL;"
"UPDATE KARDEX SET RC_ID =312, FLAT = 'change1' WHERE PROD_ID =630 AND RC_ID IS NULL;"
"UPDATE KARDEX SET RC_ID =312, FLAT = 'change1' WHERE PROD_ID =631 AND RC_ID IS NULL;"
"UPDATE KARDEX SET RC_ID =313, FLAT = 'change1' WHERE PROD_ID =632 AND RC_ID IS NULL;"
"UPDATE KARDEX SET RC_ID =313, FLAT = 'change1' WHERE PROD_ID =633 AND RC_ID IS NULL;"
"UPDATE KARDEX SET RC_ID =313, FLAT = 'change1' WHERE PROD_ID =634 AND RC_ID IS NULL;"
"UPDATE KARDEX SET RC_ID =313, FLAT = 'change1' WHERE PROD_ID =635 AND RC_ID IS NULL;"
"UPDATE KARDEX SET RC_ID =313, FLAT = 'change1' WHERE PROD_ID =636 AND RC_ID IS NULL;"
"UPDATE KARDEX SET RC_ID =313, FLAT = 'change1' WHERE PROD_ID =637 AND RC_ID IS NULL;"
"UPDATE KARDEX SET RC_ID =313, FLAT = 'change1' WHERE PROD_ID =638 AND RC_ID IS NULL;"
"UPDATE KARDEX SET RC_ID =313, FLAT = 'change1' WHERE PROD_ID =639 AND RC_ID IS NULL;"
"UPDATE KARDEX SET RC_ID =313, FLAT = 'change1' WHERE PROD_ID =641 AND RC_ID IS NULL;"
"UPDATE KARDEX SET RC_ID =311, FLAT = 'change1' WHERE PROD_ID =643 AND RC_ID IS NULL;"
"UPDATE KARDEX SET RC_ID =108, FLAT = 'change1' WHERE PROD_ID =644 AND RC_ID IS NULL;"
"UPDATE KARDEX SET RC_ID =203, FLAT = 'change1' WHERE PROD_ID =645 AND RC_ID IS NULL;"
"UPDATE KARDEX SET RC_ID =360, FLAT = 'change1' WHERE PROD_ID =647 AND RC_ID IS NULL;"
"UPDATE KARDEX SET RC_ID =360, FLAT = 'change1' WHERE PROD_ID =648 AND RC_ID IS NULL;"
"UPDATE KARDEX SET RC_ID =360, FLAT = 'change1' WHERE PROD_ID =649 AND RC_ID IS NULL;"
"UPDATE KARDEX SET RC_ID =360, FLAT = 'change1' WHERE PROD_ID =650 AND RC_ID IS NULL;"
"UPDATE KARDEX SET RC_ID =360, FLAT = 'change1' WHERE PROD_ID =651 AND RC_ID IS NULL;"
"UPDATE KARDEX SET RC_ID =401, FLAT = 'change1' WHERE PROD_ID =652 AND RC_ID IS NULL;"
"UPDATE KARDEX SET RC_ID =402, FLAT = 'change1' WHERE PROD_ID =653 AND RC_ID IS NULL;"
"UPDATE KARDEX SET RC_ID =402, FLAT = 'change1' WHERE PROD_ID =654 AND RC_ID IS NULL;"
"UPDATE KARDEX SET RC_ID =402, FLAT = 'change1' WHERE PROD_ID =658 AND RC_ID IS NULL;"
"UPDATE KARDEX SET RC_ID =402, FLAT = 'change1' WHERE PROD_ID =659 AND RC_ID IS NULL;"
"UPDATE KARDEX SET RC_ID =402, FLAT = 'change1' WHERE PROD_ID =660 AND RC_ID IS NULL;"
"UPDATE KARDEX SET RC_ID =402, FLAT = 'change1' WHERE PROD_ID =661 AND RC_ID IS NULL;"
"UPDATE KARDEX SET RC_ID =402, FLAT = 'change1' WHERE PROD_ID =662 AND RC_ID IS NULL;"
"UPDATE KARDEX SET RC_ID =402, FLAT = 'change1' WHERE PROD_ID =664 AND RC_ID IS NULL;"
"UPDATE KARDEX SET RC_ID =402, FLAT = 'change1' WHERE PROD_ID =665 AND RC_ID IS NULL;"
"UPDATE KARDEX SET RC_ID =402, FLAT = 'change1' WHERE PROD_ID =666 AND RC_ID IS NULL;"
"UPDATE KARDEX SET RC_ID =402, FLAT = 'change1' WHERE PROD_ID =667 AND RC_ID IS NULL;"
"UPDATE KARDEX SET RC_ID =402, FLAT = 'change1' WHERE PROD_ID =668 AND RC_ID IS NULL;"
"UPDATE KARDEX SET RC_ID =424, FLAT = 'change1' WHERE PROD_ID =669 AND RC_ID IS NULL;"
"UPDATE KARDEX SET RC_ID =424, FLAT = 'change1' WHERE PROD_ID =670 AND RC_ID IS NULL;"
"UPDATE KARDEX SET RC_ID =424, FLAT = 'change1' WHERE PROD_ID =671 AND RC_ID IS NULL;"
"UPDATE KARDEX SET RC_ID =424, FLAT = 'change1' WHERE PROD_ID =673 AND RC_ID IS NULL;"
"UPDATE KARDEX SET RC_ID =424, FLAT = 'change1' WHERE PROD_ID =674 AND RC_ID IS NULL;"
"UPDATE KARDEX SET RC_ID =424, FLAT = 'change1' WHERE PROD_ID =675 AND RC_ID IS NULL;"
"UPDATE KARDEX SET RC_ID =424, FLAT = 'change1' WHERE PROD_ID =676 AND RC_ID IS NULL;"
"UPDATE KARDEX SET RC_ID =424, FLAT = 'change1' WHERE PROD_ID =677 AND RC_ID IS NULL;"
"UPDATE KARDEX SET RC_ID =424, FLAT = 'change1' WHERE PROD_ID =678 AND RC_ID IS NULL;"
"UPDATE KARDEX SET RC_ID =424, FLAT = 'change1' WHERE PROD_ID =679 AND RC_ID IS NULL;"
"UPDATE KARDEX SET RC_ID =424, FLAT = 'change1' WHERE PROD_ID =680 AND RC_ID IS NULL;"
"UPDATE KARDEX SET RC_ID =424, FLAT = 'change1' WHERE PROD_ID =681 AND RC_ID IS NULL;"
"UPDATE KARDEX SET RC_ID =311, FLAT = 'change1' WHERE PROD_ID =683 AND RC_ID IS NULL;"
"UPDATE KARDEX SET RC_ID =425, FLAT = 'change1' WHERE PROD_ID =684 AND RC_ID IS NULL;"
"UPDATE KARDEX SET RC_ID =426, FLAT = 'change1' WHERE PROD_ID =685 AND RC_ID IS NULL;"
"UPDATE KARDEX SET RC_ID =426, FLAT = 'change1' WHERE PROD_ID =686 AND RC_ID IS NULL;"
"UPDATE KARDEX SET RC_ID =425, FLAT = 'change1' WHERE PROD_ID =687 AND RC_ID IS NULL;"
"UPDATE KARDEX SET RC_ID =429, FLAT = 'change1' WHERE PROD_ID =689 AND RC_ID IS NULL;"
"UPDATE KARDEX SET RC_ID =429, FLAT = 'change1' WHERE PROD_ID =690 AND RC_ID IS NULL;"
"UPDATE KARDEX SET RC_ID =429, FLAT = 'change1' WHERE PROD_ID =691 AND RC_ID IS NULL;"
"UPDATE KARDEX SET RC_ID =430, FLAT = 'change1' WHERE PROD_ID =692 AND RC_ID IS NULL;"
"UPDATE KARDEX SET RC_ID =430, FLAT = 'change1' WHERE PROD_ID =694 AND RC_ID IS NULL;"
"UPDATE KARDEX SET RC_ID =430, FLAT = 'change1' WHERE PROD_ID =695 AND RC_ID IS NULL;"
"UPDATE KARDEX SET RC_ID =430, FLAT = 'change1' WHERE PROD_ID =696 AND RC_ID IS NULL;"
"UPDATE KARDEX SET RC_ID =430, FLAT = 'change1' WHERE PROD_ID =697 AND RC_ID IS NULL;"
"UPDATE KARDEX SET RC_ID =430, FLAT = 'change1' WHERE PROD_ID =698 AND RC_ID IS NULL;"
"UPDATE KARDEX SET RC_ID =430, FLAT = 'change1' WHERE PROD_ID =700 AND RC_ID IS NULL;"
"UPDATE KARDEX SET RC_ID =431, FLAT = 'change1' WHERE PROD_ID =702 AND RC_ID IS NULL;"
"UPDATE KARDEX SET RC_ID =431, FLAT = 'change1' WHERE PROD_ID =703 AND RC_ID IS NULL;"
"UPDATE KARDEX SET RC_ID =431, FLAT = 'change1' WHERE PROD_ID =704 AND RC_ID IS NULL;"
"UPDATE KARDEX SET RC_ID =431, FLAT = 'change1' WHERE PROD_ID =705 AND RC_ID IS NULL;"
"UPDATE KARDEX SET RC_ID =431, FLAT = 'change1' WHERE PROD_ID =706 AND RC_ID IS NULL;"
"UPDATE KARDEX SET RC_ID =432, FLAT = 'change1' WHERE PROD_ID =707 AND RC_ID IS NULL;"
"UPDATE KARDEX SET RC_ID =432, FLAT = 'change1' WHERE PROD_ID =708 AND RC_ID IS NULL;"
"UPDATE KARDEX SET RC_ID =432, FLAT = 'change1' WHERE PROD_ID =709 AND RC_ID IS NULL;"
"UPDATE KARDEX SET RC_ID =432, FLAT = 'change1' WHERE PROD_ID =710 AND RC_ID IS NULL;"
"UPDATE KARDEX SET RC_ID =432, FLAT = 'change1' WHERE PROD_ID =711 AND RC_ID IS NULL;"
"UPDATE KARDEX SET RC_ID =433, FLAT = 'change1' WHERE PROD_ID =715 AND RC_ID IS NULL;"
"UPDATE KARDEX SET RC_ID =433, FLAT = 'change1' WHERE PROD_ID =716 AND RC_ID IS NULL;"
"UPDATE KARDEX SET RC_ID =433, FLAT = 'change1' WHERE PROD_ID =717 AND RC_ID IS NULL;"
"UPDATE KARDEX SET RC_ID =433, FLAT = 'change1' WHERE PROD_ID =718 AND RC_ID IS NULL;"
"UPDATE KARDEX SET RC_ID =433, FLAT = 'change1' WHERE PROD_ID =719 AND RC_ID IS NULL;"
"UPDATE KARDEX SET RC_ID =433, FLAT = 'change1' WHERE PROD_ID =720 AND RC_ID IS NULL;"
"UPDATE KARDEX SET RC_ID =434, FLAT = 'change1' WHERE PROD_ID =721 AND RC_ID IS NULL;"
"UPDATE KARDEX SET RC_ID =434, FLAT = 'change1' WHERE PROD_ID =722 AND RC_ID IS NULL;"
"UPDATE KARDEX SET RC_ID =434, FLAT = 'change1' WHERE PROD_ID =723 AND RC_ID IS NULL;"
"UPDATE KARDEX SET RC_ID =434, FLAT = 'change1' WHERE PROD_ID =724 AND RC_ID IS NULL;"
"UPDATE KARDEX SET RC_ID =434, FLAT = 'change1' WHERE PROD_ID =725 AND RC_ID IS NULL;"
"UPDATE KARDEX SET RC_ID =434, FLAT = 'change1' WHERE PROD_ID =727 AND RC_ID IS NULL;"
"UPDATE KARDEX SET RC_ID =434, FLAT = 'change1' WHERE PROD_ID =728 AND RC_ID IS NULL;"
"UPDATE KARDEX SET RC_ID =434, FLAT = 'change1' WHERE PROD_ID =729 AND RC_ID IS NULL;"
"UPDATE KARDEX SET RC_ID =434, FLAT = 'change1' WHERE PROD_ID =730 AND RC_ID IS NULL;"
"UPDATE KARDEX SET RC_ID =434, FLAT = 'change1' WHERE PROD_ID =731 AND RC_ID IS NULL;"
"UPDATE KARDEX SET RC_ID =434, FLAT = 'change1' WHERE PROD_ID =732 AND RC_ID IS NULL;"
"UPDATE KARDEX SET RC_ID =438, FLAT = 'change1' WHERE PROD_ID =735 AND RC_ID IS NULL;"
"UPDATE KARDEX SET RC_ID =438, FLAT = 'change1' WHERE PROD_ID =736 AND RC_ID IS NULL;"
"UPDATE KARDEX SET RC_ID =436, FLAT = 'change1' WHERE PROD_ID =737 AND RC_ID IS NULL;"
"UPDATE KARDEX SET RC_ID =436, FLAT = 'change1' WHERE PROD_ID =738 AND RC_ID IS NULL;"
"UPDATE KARDEX SET RC_ID =437, FLAT = 'change1' WHERE PROD_ID =739 AND RC_ID IS NULL;"
"UPDATE KARDEX SET RC_ID =437, FLAT = 'change1' WHERE PROD_ID =740 AND RC_ID IS NULL;"
"UPDATE KARDEX SET RC_ID =437, FLAT = 'change1' WHERE PROD_ID =741 AND RC_ID IS NULL;"
"UPDATE KARDEX SET RC_ID =437, FLAT = 'change1' WHERE PROD_ID =742 AND RC_ID IS NULL;"
"UPDATE KARDEX SET RC_ID =439, FLAT = 'change1' WHERE PROD_ID =743 AND RC_ID IS NULL;"
"UPDATE KARDEX SET RC_ID =439, FLAT = 'change1' WHERE PROD_ID =744 AND RC_ID IS NULL;"
"UPDATE KARDEX SET RC_ID =439, FLAT = 'change1' WHERE PROD_ID =745 AND RC_ID IS NULL;"
"UPDATE KARDEX SET RC_ID =439, FLAT = 'change1' WHERE PROD_ID =746 AND RC_ID IS NULL;"
"UPDATE KARDEX SET RC_ID =439, FLAT = 'change1' WHERE PROD_ID =747 AND RC_ID IS NULL;"
"UPDATE KARDEX SET RC_ID =439, FLAT = 'change1' WHERE PROD_ID =748 AND RC_ID IS NULL;"
"UPDATE KARDEX SET RC_ID =439, FLAT = 'change1' WHERE PROD_ID =749 AND RC_ID IS NULL;"
"UPDATE KARDEX SET RC_ID =439, FLAT = 'change1' WHERE PROD_ID =750 AND RC_ID IS NULL;"
"UPDATE KARDEX SET RC_ID =439, FLAT = 'change1' WHERE PROD_ID =751 AND RC_ID IS NULL;"
"UPDATE KARDEX SET RC_ID =439, FLAT = 'change1' WHERE PROD_ID =752 AND RC_ID IS NULL;"
"UPDATE KARDEX SET RC_ID =439, FLAT = 'change1' WHERE PROD_ID =753 AND RC_ID IS NULL;"
"UPDATE KARDEX SET RC_ID =439, FLAT = 'change1' WHERE PROD_ID =754 AND RC_ID IS NULL;"
"UPDATE KARDEX SET RC_ID =439, FLAT = 'change1' WHERE PROD_ID =755 AND RC_ID IS NULL;"
"UPDATE KARDEX SET RC_ID =439, FLAT = 'change1' WHERE PROD_ID =756 AND RC_ID IS NULL;"
"UPDATE KARDEX SET RC_ID =439, FLAT = 'change1' WHERE PROD_ID =757 AND RC_ID IS NULL;"
"UPDATE KARDEX SET RC_ID =439, FLAT = 'change1' WHERE PROD_ID =758 AND RC_ID IS NULL;"
"UPDATE KARDEX SET RC_ID =439, FLAT = 'change1' WHERE PROD_ID =759 AND RC_ID IS NULL;"
"UPDATE KARDEX SET RC_ID =439, FLAT = 'change1' WHERE PROD_ID =760 AND RC_ID IS NULL;"
"UPDATE KARDEX SET RC_ID =439, FLAT = 'change1' WHERE PROD_ID =761 AND RC_ID IS NULL;"
"UPDATE KARDEX SET RC_ID =439, FLAT = 'change1' WHERE PROD_ID =762 AND RC_ID IS NULL;"
"UPDATE KARDEX SET RC_ID =439, FLAT = 'change1' WHERE PROD_ID =763 AND RC_ID IS NULL;"
"UPDATE KARDEX SET RC_ID =453, FLAT = 'change1' WHERE PROD_ID =764 AND RC_ID IS NULL;"
"UPDATE KARDEX SET RC_ID =453, FLAT = 'change1' WHERE PROD_ID =765 AND RC_ID IS NULL;"
"UPDATE KARDEX SET RC_ID =453, FLAT = 'change1' WHERE PROD_ID =766 AND RC_ID IS NULL;"
"UPDATE KARDEX SET RC_ID =453, FLAT = 'change1' WHERE PROD_ID =767 AND RC_ID IS NULL;"
"UPDATE KARDEX SET RC_ID =453, FLAT = 'change1' WHERE PROD_ID =768 AND RC_ID IS NULL;"
"UPDATE KARDEX SET RC_ID =453, FLAT = 'change1' WHERE PROD_ID =769 AND RC_ID IS NULL;"
"UPDATE KARDEX SET RC_ID =453, FLAT = 'change1' WHERE PROD_ID =770 AND RC_ID IS NULL;"
"UPDATE KARDEX SET RC_ID =453, FLAT = 'change1' WHERE PROD_ID =771 AND RC_ID IS NULL;"
"UPDATE KARDEX SET RC_ID =453, FLAT = 'change1' WHERE PROD_ID =772 AND RC_ID IS NULL;"
"UPDATE KARDEX SET RC_ID =453, FLAT = 'change1' WHERE PROD_ID =773 AND RC_ID IS NULL;"
"UPDATE KARDEX SET RC_ID =453, FLAT = 'change1' WHERE PROD_ID =774 AND RC_ID IS NULL;"
"UPDATE KARDEX SET RC_ID =453, FLAT = 'change1' WHERE PROD_ID =775 AND RC_ID IS NULL;"
"UPDATE KARDEX SET RC_ID =440, FLAT = 'change1' WHERE PROD_ID =776 AND RC_ID IS NULL;"
"UPDATE KARDEX SET RC_ID =440, FLAT = 'change1' WHERE PROD_ID =777 AND RC_ID IS NULL;"
"UPDATE KARDEX SET RC_ID =440, FLAT = 'change1' WHERE PROD_ID =779 AND RC_ID IS NULL;"
"UPDATE KARDEX SET RC_ID =440, FLAT = 'change1' WHERE PROD_ID =780 AND RC_ID IS NULL;"
"UPDATE KARDEX SET RC_ID =440, FLAT = 'change1' WHERE PROD_ID =782 AND RC_ID IS NULL;"
"UPDATE KARDEX SET RC_ID =440, FLAT = 'change1' WHERE PROD_ID =783 AND RC_ID IS NULL;"
"UPDATE KARDEX SET RC_ID =440, FLAT = 'change1' WHERE PROD_ID =784 AND RC_ID IS NULL;"
"UPDATE KARDEX SET RC_ID =440, FLAT = 'change1' WHERE PROD_ID =785 AND RC_ID IS NULL;"
"UPDATE KARDEX SET RC_ID =440, FLAT = 'change1' WHERE PROD_ID =788 AND RC_ID IS NULL;"
"UPDATE KARDEX SET RC_ID =442, FLAT = 'change1' WHERE PROD_ID =790 AND RC_ID IS NULL;"
"UPDATE KARDEX SET RC_ID =453, FLAT = 'change1' WHERE PROD_ID =792 AND RC_ID IS NULL;"
"UPDATE KARDEX SET RC_ID =453, FLAT = 'change1' WHERE PROD_ID =793 AND RC_ID IS NULL;"
"UPDATE KARDEX SET RC_ID =430, FLAT = 'change1' WHERE PROD_ID =794 AND RC_ID IS NULL;"
"UPDATE KARDEX SET RC_ID =403, FLAT = 'change1' WHERE PROD_ID =795 AND RC_ID IS NULL;"
"UPDATE KARDEX SET RC_ID =403, FLAT = 'change1' WHERE PROD_ID =796 AND RC_ID IS NULL;"
"UPDATE KARDEX SET RC_ID =398, FLAT = 'change1' WHERE PROD_ID =797 AND RC_ID IS NULL;"
"UPDATE KARDEX SET RC_ID =398, FLAT = 'change1' WHERE PROD_ID =798 AND RC_ID IS NULL;"
"UPDATE KARDEX SET RC_ID =398, FLAT = 'change1' WHERE PROD_ID =799 AND RC_ID IS NULL;"
"UPDATE KARDEX SET RC_ID =398, FLAT = 'change1' WHERE PROD_ID =800 AND RC_ID IS NULL;"
"UPDATE KARDEX SET RC_ID =396, FLAT = 'change1' WHERE PROD_ID =803 AND RC_ID IS NULL;"
"UPDATE KARDEX SET RC_ID =396, FLAT = 'change1' WHERE PROD_ID =804 AND RC_ID IS NULL;"
"UPDATE KARDEX SET RC_ID =396, FLAT = 'change1' WHERE PROD_ID =805 AND RC_ID IS NULL;"
"UPDATE KARDEX SET RC_ID =401, FLAT = 'change1' WHERE PROD_ID =806 AND RC_ID IS NULL;"
"UPDATE KARDEX SET RC_ID =401, FLAT = 'change1' WHERE PROD_ID =807 AND RC_ID IS NULL;"
"UPDATE KARDEX SET RC_ID =401, FLAT = 'change1' WHERE PROD_ID =808 AND RC_ID IS NULL;"
"UPDATE KARDEX SET RC_ID =393, FLAT = 'change1' WHERE PROD_ID =809 AND RC_ID IS NULL;"
"UPDATE KARDEX SET RC_ID =319, FLAT = 'change1' WHERE PROD_ID =810 AND RC_ID IS NULL;"
"UPDATE KARDEX SET RC_ID =317, FLAT = 'change1' WHERE PROD_ID =811 AND RC_ID IS NULL;"
"UPDATE KARDEX SET RC_ID =320, FLAT = 'change1' WHERE PROD_ID =812 AND RC_ID IS NULL;"
"UPDATE KARDEX SET RC_ID =311, FLAT = 'change1' WHERE PROD_ID =813 AND RC_ID IS NULL;"
"UPDATE KARDEX SET RC_ID =311, FLAT = 'change1' WHERE PROD_ID =814 AND RC_ID IS NULL;"
"UPDATE KARDEX SET RC_ID =313, FLAT = 'change1' WHERE PROD_ID =815 AND RC_ID IS NULL;"
"UPDATE KARDEX SET RC_ID =311, FLAT = 'change1' WHERE PROD_ID =816 AND RC_ID IS NULL;"
"UPDATE KARDEX SET RC_ID =231, FLAT = 'change1' WHERE PROD_ID =817 AND RC_ID IS NULL;"
"UPDATE KARDEX SET RC_ID =314, FLAT = 'change1' WHERE PROD_ID =818 AND RC_ID IS NULL;"
"UPDATE KARDEX SET RC_ID =314, FLAT = 'change1' WHERE PROD_ID =819 AND RC_ID IS NULL;"
"UPDATE KARDEX SET RC_ID =314, FLAT = 'change1' WHERE PROD_ID =820 AND RC_ID IS NULL;"
"UPDATE KARDEX SET RC_ID =314, FLAT = 'change1' WHERE PROD_ID =821 AND RC_ID IS NULL;"
"UPDATE KARDEX SET RC_ID =314, FLAT = 'change1' WHERE PROD_ID =822 AND RC_ID IS NULL;"
"UPDATE KARDEX SET RC_ID =311, FLAT = 'change1' WHERE PROD_ID =823 AND RC_ID IS NULL;"
"UPDATE KARDEX SET RC_ID =315, FLAT = 'change1' WHERE PROD_ID =824 AND RC_ID IS NULL;"
"UPDATE KARDEX SET RC_ID =312, FLAT = 'change1' WHERE PROD_ID =825 AND RC_ID IS NULL;"
"UPDATE KARDEX SET RC_ID =311, FLAT = 'change1' WHERE PROD_ID =826 AND RC_ID IS NULL;"
"UPDATE KARDEX SET RC_ID =316, FLAT = 'change1' WHERE PROD_ID =827 AND RC_ID IS NULL;"
"UPDATE KARDEX SET RC_ID =312, FLAT = 'change1' WHERE PROD_ID =828 AND RC_ID IS NULL;"
"UPDATE KARDEX SET RC_ID =314, FLAT = 'change1' WHERE PROD_ID =829 AND RC_ID IS NULL;"
"UPDATE KARDEX SET RC_ID =312, FLAT = 'change1' WHERE PROD_ID =830 AND RC_ID IS NULL;"
"UPDATE KARDEX SET RC_ID =312, FLAT = 'change1' WHERE PROD_ID =831 AND RC_ID IS NULL;"
"UPDATE KARDEX SET RC_ID =312, FLAT = 'change1' WHERE PROD_ID =832 AND RC_ID IS NULL;"
"UPDATE KARDEX SET RC_ID =311, FLAT = 'change1' WHERE PROD_ID =833 AND RC_ID IS NULL;"
"UPDATE KARDEX SET RC_ID =311, FLAT = 'change1' WHERE PROD_ID =834 AND RC_ID IS NULL;"
"UPDATE KARDEX SET RC_ID =311, FLAT = 'change1' WHERE PROD_ID =835 AND RC_ID IS NULL;"
"UPDATE KARDEX SET RC_ID =311, FLAT = 'change1' WHERE PROD_ID =836 AND RC_ID IS NULL;"
"UPDATE KARDEX SET RC_ID =311, FLAT = 'change1' WHERE PROD_ID =837 AND RC_ID IS NULL;"
